{
  "eps_engel": 0.291,
  "beta_xf": 0.5683,
  "beta_xn": 0.3205,
  "beta_c": 0.0551,
  "beta_d": 0.0562,
  "kappa_xf": 0.2322,
  "kappa_xn": -0.1645,
  "kappa_c": -0.0332,
  "kappa_d": -0.0344,
  "omega_xf": 0.75,
  "omega_c": 0.75,
  "omega_d": 0.7,
  "eta_xf": 2.5,
  "eta_c": 2.5,
  "eta_d": 2.5,
  "D_M_m": 1.0,
  "D_xf_m": 1.0,
  "D_c_m": 1.0,
  "D_d_m": 1.6298,
  "D_M_f": 1.343,
  "D_xf_f": 0.2694,
  "D_c_f": 0.7657,
  "D_d_f": 0.3363,
  "rho": -0.5,
  "phi": 0.5,
  "sigma_u_m": 0.4806,
  "sigma_u_f": 0.1036,
  "u_bar_m": -0.0553,
  "u_bar_f": 0.0783,
  "wage_gap": 0.8314,
  "p_xf": 0.056117,
  "sigma_mig": 1.0,
  "Ubar": 3.473743
}